code-standards.1	code-standards
code-standards.2	code-standards
code-standards.3	code-standards
code-standards.4	code-standards
code-standards.5	code-standards
code-standards.6	code-standards
engineering-principles.1	engineering-principles
engineering-principles.2	engineering-principles
engineering-principles.3	engineering-principles
engineering-principles.4	engineering-principles
engineering-principles.5	engineering-principles
engineering-principles.6	engineering-principles
building-skills.1	building-skills
building-skills.2	building-skills
building-skills.3	building-skills
building-skills.4	building-skills
building-skills.5	building-skills
building-skills.6	building-skills
optimizing-context.1	optimizing-context
optimizing-context.2	optimizing-context
optimizing-context.3	optimizing-context
optimizing-context.4	optimizing-context
optimizing-context.5	optimizing-context
optimizing-context.6	optimizing-context
